examples/access.pini	PASS	PASS	FAIL	PASS	 | hir: Error: The operation couldn’t be completed. (PiniCore.HIRLowerer.HIRLoweringError error 1.) 
examples/array-basic.pini	FAIL	SKIP	PASS	PASS	Error: IRGen Error [E6-002]   unsupported expression 'array method get not yet supported in IR' 
examples/closures.pini	PASS	PASS	FAIL	PASS	 | hir: Error: The operation couldn’t be completed. (PiniCore.HIRLowerer.HIRLoweringError error 1.) 
examples/collections.pini	PASS	PASS	FAIL	PASS	 | hir: Error: The operation couldn’t be completed. (PiniCore.HIRLowerer.HIRLoweringError error 1.) 
examples/comments.pini	PASS	PASS	PASS	PASS	
examples/composition.pini	PASS	PASS	FAIL	PASS	 | hir: Error: The operation couldn’t be completed. (PiniCore.HIRLowerer.HIRLoweringError error 1.) 
examples/compound-assign.pini	PASS	PASS	FAIL	PASS	 | hir: Error: The operation couldn’t be completed. (PiniCore.HIRLowerer.HIRLoweringError error 1.) 
examples/concurrency-arrow-dual.pini	FAIL	SKIP	FAIL	PASS	Error: IRGen Error [E6-002]   unsupported expression 'unknown function sleep — not pre-registered'  | hir: Error: The operation couldn’t be completed. (PiniCore.HIRLowerer.HIRLoweringError error 1.) 
examples/concurrency-async-contagion-end.pini	FAIL	SKIP	FAIL	PASS	Error: IRGen Error [E6-002]   unsupported expression 'unknown function sleep — not pre-registered'  | hir: Error: The operation couldn’t be completed. (PiniCore.HIRLowerer.HIRLoweringError error 1.) 
examples/concurrency-async-decl.pini	FAIL	SKIP	FAIL	PASS	Error: IRGen Error [E6-002]   unsupported expression 'unknown function Error — not pre-registered'  | hir: Error: The operation couldn’t be completed. (PiniCore.HIRLowerer.HIRLoweringError error 1.) 
examples/concurrency-await.pini	FAIL	SKIP	FAIL	PASS	Error: IRGen Error [E6-002]   unsupported expression 'unknown function sleep — not pre-registered'  | hir: Error: The operation couldn’t be completed. (PiniCore.HIRLowerer.HIRLoweringError error 1.) 
examples/concurrency-cancel.pini	FAIL	SKIP	FAIL	PASS	Error: IRGen Error [E6-002]   unsupported expression 'unknown function sleep — not pre-registered'  | hir: Error: The operation couldn’t be completed. (PiniCore.HIRLowerer.HIRLoweringError error 1.) 
examples/concurrency-future-handle.pini	FAIL	SKIP	FAIL	PASS	Error: IRGen Error [E6-002]   unsupported expression 'unknown function sleep — not pre-registered'  | hir: Error: The operation couldn’t be completed. (PiniCore.HIRLowerer.HIRLoweringError error 1.) 
examples/concurrency-joinall.pini	FAIL	SKIP	FAIL	PASS	Error: IRGen Error [E6-002]   unsupported expression 'unknown function sleep — not pre-registered'  | hir: Error: The operation couldn’t be completed. (PiniCore.HIRLowerer.HIRLoweringError error 1.) 
examples/concurrency.pini	FAIL	SKIP	FAIL	PASS	Error: IRGen Error [E6-002]   unsupported expression 'unknown function sleep — not pre-registered'  | hir: Error: The operation couldn’t be completed. (PiniCore.HIRLowerer.HIRLoweringError error 1.) 
examples/control-if.pini	PASS	PASS	PASS	PASS	
examples/control-while.pini	PASS	PASS	FAIL	PASS	 | hir: Error: The operation couldn’t be completed. (PiniCore.HIRLowerer.HIRLoweringError error 1.) 
examples/cow.pini	FAIL	SKIP	FAIL	PASS	Error: IRGen Error [E6-004]   unsupported feature 'LLVM 后端未记录变量 'row' 的数组元素类型（D1 范围：仅 let/var 绑定字面量）'  | hir: Error: The operation couldn’t be completed. (PiniCore.HIRLowerer.HIRLoweringError error 1.) 
examples/defer.pini	PASS	PASS	FAIL	PASS	 | hir: Error: The operation couldn’t be completed. (PiniCore.HIRLowerer.HIRLoweringError error 1.) 
examples/dict-set-d2.pini	PASS	PASS	FAIL	PASS	 | hir: Error: The operation couldn’t be completed. (PiniCore.HIRLowerer.HIRLoweringError error 1.) 
examples/enum-dot-case.pini	FAIL	SKIP	FAIL	PASS	Error: IRGen Error [E6-001]   unsupported type 'generic(T)'  | hir: Error: The operation couldn’t be completed. (PiniCore.HIRLowerer.HIRLoweringError error 1.) 
examples/enum-named.pini	PASS	PASS	FAIL	PASS	 | hir: Error: The operation couldn’t be completed. (PiniCore.HIRLowerer.HIRLoweringError error 1.) 
examples/enum-namespacing.pini	PASS	PASS	FAIL	PASS	 | hir: Error: The operation couldn’t be completed. (PiniCore.HIRLowerer.HIRLoweringError error 1.) 
examples/enum.pini	PASS	PASS	FAIL	PASS	 | hir: Error: The operation couldn’t be completed. (PiniCore.HIRLowerer.HIRLoweringError error 1.) 
examples/ffi.pini	FAIL	SKIP	FAIL	PASS	Error: IRGen Error [E6-004]   unsupported feature 'LLVM 后端暂不支持 `[名称|foreign]` 块；请改用解释器 `pini run`'  | hir: Error: The operation couldn’t be completed. (PiniCore.HIRLowerer.HIRLoweringError error 1.) 
examples/ffi_module/cstring.pini	FAIL	SKIP	FAIL	FAIL	Error: IRGen Error [E6-004]   unsupported feature 'LLVM 后端暂不支持 `[名称|foreign]` 块；请改用解释器 `pini run`'  | hir: Error: The operation couldn’t be completed. (PiniCore.HIRLowerer.HIRLoweringError error 1.) 
examples/for.pini	PASS	PASS	FAIL	PASS	 | hir: Error: The operation couldn’t be completed. (PiniCore.HIRLowerer.HIRLoweringError error 1.) 
examples/generic-func.pini	PASS	PASS	FAIL	PASS	 | hir: Error: The operation couldn’t be completed. (PiniCore.HIRLowerer.HIRLoweringError error 1.) 
examples/generic.pini	PASS	PASS	FAIL	PASS	 | hir: Error: The operation couldn’t be completed. (PiniCore.HIRLowerer.HIRLoweringError error 1.) 
examples/hello.pini	PASS	PASS	PASS	PASS	
examples/higher-order.pini	PASS	PASS	FAIL	PASS	 | hir: Error: The operation couldn’t be completed. (PiniCore.HIRLowerer.HIRLoweringError error 1.) 
examples/io.pini	PASS	PASS	FAIL	PASS	 | hir: Error: The operation couldn’t be completed. (PiniCore.HIRLowerer.HIRLoweringError error 1.) 
examples/lambda-typed.pini	PASS	PASS	FAIL	PASS	 | hir: Error: The operation couldn’t be completed. (PiniCore.HIRLowerer.HIRLoweringError error 1.) 
examples/lambda.pini	PASS	PASS	FAIL	PASS	 | hir: Error: The operation couldn’t be completed. (PiniCore.HIRLowerer.HIRLoweringError error 1.) 
examples/lazyref.pini	PASS	PASS	FAIL	PASS	 | hir: Error: The operation couldn’t be completed. (PiniCore.HIRLowerer.HIRLoweringError error 1.) 
examples/lexical.pini	PASS	PASS	FAIL	PASS	 | hir: Error: The operation couldn’t be completed. (PiniCore.HIRLowerer.HIRLoweringError error 1.) 
examples/match.pini	PASS	PASS	FAIL	PASS	 | hir: Error: The operation couldn’t be completed. (PiniCore.HIRLowerer.HIRLoweringError error 1.) 
examples/multidim.pini	FAIL	SKIP	FAIL	PASS	Error: IRGen Error [E6-002]   unsupported expression 'undefined identifier row'  | hir: Error: The operation couldn’t be completed. (PiniCore.HIRLowerer.HIRLoweringError error 1.) 
examples/multifile/main.pini	FAIL	SKIP	FAIL	FAIL	Error: IRGen Error [E6-002]   unsupported expression 'unknown function 向量 — not pre-registered'  | hir: Error: The operation couldn’t be completed. (PiniCore.HIRLowerer.HIRLoweringError error 1.) 
examples/multifile/utils.pini	PASS	PASS	FAIL	FAIL	 | hir: Error: The operation couldn’t be completed. (PiniCore.HIRLowerer.HIRLoweringError error 1.) 
examples/object.pini	FAIL	SKIP	FAIL	PASS	Error: IRGen Error [E6-002]   unsupported expression 'undefined method 增加'  | hir: Error: The operation couldn’t be completed. (PiniCore.HIRLowerer.HIRLoweringError error 1.) 
examples/operators.pini	PASS	PASS	PASS	PASS	
examples/optional-sugar.pini	PASS	PASS	FAIL	PASS	 | hir: Error: The operation couldn’t be completed. (PiniCore.HIRLowerer.HIRLoweringError error 1.) 
examples/optional.pini	PASS	PASS	FAIL	PASS	 | hir: Error: The operation couldn’t be completed. (PiniCore.HIRLowerer.HIRLoweringError error 1.) 
examples/package-demo/_internals/helpers.pini	PASS	PASS	FAIL	FAIL	 | hir: Error: The operation couldn’t be completed. (PiniCore.HIRLowerer.HIRLoweringError error 1.) 
examples/package-demo/_私密文件.pini	PASS	PASS	FAIL	FAIL	 | hir: Error: The operation couldn’t be completed. (PiniCore.HIRLowerer.HIRLoweringError error 1.) 
examples/package-demo/api.pini	PASS	PASS	FAIL	FAIL	 | hir: Error: The operation couldn’t be completed. (PiniCore.HIRLowerer.HIRLoweringError error 1.) 
examples/package-demo/main.pini	FAIL	SKIP	FAIL	FAIL	Error: IRGen Error [E6-002]   unsupported expression 'unknown function 公开API — not pre-registered'  | hir: Error: The operation couldn’t be completed. (PiniCore.HIRLowerer.HIRLoweringError error 1.) 
examples/package-demo/secrettypes.pini	PASS	PASS	FAIL	FAIL	 | hir: Error: The operation couldn’t be completed. (PiniCore.HIRLowerer.HIRLoweringError error 1.) 
examples/recursion.pini	PASS	PASS	PASS	PASS	
examples/slice.pini	FAIL	SKIP	PASS	PASS	Error: IRGen Error [E6-002]   unsupported expression 'array method slice not yet supported in IR' 
examples/stdlib.pini	PASS	PASS	FAIL	PASS	 | hir: Error: The operation couldn’t be completed. (PiniCore.HIRLowerer.HIRLoweringError error 1.) 
examples/step.pini	PASS	PASS	PASS	PASS	
examples/struct.pini	PASS	PASS	FAIL	PASS	 | hir: Error: The operation couldn’t be completed. (PiniCore.HIRLowerer.HIRLoweringError error 1.) 
examples/test.pini	PASS	PASS	FAIL	PASS	 | hir: Error: The operation couldn’t be completed. (PiniCore.HIRLowerer.HIRLoweringError error 1.) 
examples/trait.pini	PASS	PASS	FAIL	PASS	 | hir: Error: The operation couldn’t be completed. (PiniCore.HIRLowerer.HIRLoweringError error 1.) 
examples/try.pini	FAIL	SKIP	PASS	PASS	Error: IRGen Error [E6-001]   at /Volumes/ZWTPSSD/Projects/Pini语言语法与Swift-Package实现_20260827/pini-swift/examples/try.pini:4:28   unsupported type 
examples/tuple.pini	PASS	PASS	FAIL	PASS	 | hir: Error: The operation couldn’t be completed. (PiniCore.HIRLowerer.HIRLoweringError error 1.) 
examples/validated-match.pini	PASS	PASS	FAIL	PASS	 | hir: Error: The operation couldn’t be completed. (PiniCore.HIRLowerer.HIRLoweringError error 1.) 
